cust_name,title,ratings,comments
Mohit  Kumar,Classy product,5,Best smartwatch in this price under 2k. Connection is seamless and smooth. Activity tracking is also nice and display is also very nice but design in not soo good ☹️.READ MORE
Suraj Sonone,Awesome,5,The watch is good in design and the display has a very bright screen.The battery is ok. Overall quality of the watch is good in this price range.READ MORE
Shoaib Khan,Best in the market!,5,"This is one of the best watches at this price where you can get all features like heart monitoring, BP monitoring, oxygen level monitoring, sleep tracking and the best part is bluetooth calling which works seamlessly.READ MORE"
Neha  Sahni,Must buy!,5,"This is one of the best watch at this price where we get all features like heart monitoring, oxygen level,sleep track etc.Best part is Bluetooth calling which works seamlessly.Display is too good.very good quality product at affordable price.Love it.READ MORE"
Harsh  Prajapati ,Perfect product!,5,I loved the colour and design of the watch. It's suits well and the accuracy is also good . Can buy this product without 2nd thought .READ MORE
Dishant Kapadia,Best Buy Under 2K,5,"Extremely Satisfied and Impressed with this Cult Beats smartwatch. The Key features that I personally like about this watch are -Extremely High Resolution Screen, the display is bright and crisp!And the 1.85 inch screen is large enough for big male wrists and feels comfortable to wear.Good touch feedback and easy to use. The mic and speaker quality is decent for music listening and great for answering calls on the go.All activity tracking sensors and health sensors work well.I liked t...READ MORE"
Vaibhavi Shah,Terrific,5,What an amazing watch mannn. The rose gold colour is my fav. Battery life is really good. This watch has many advance and new features. Trust me you will love it.READ MORE
Vaishali Gupta,Best in the market!,5,Amazing smart watch... Easy functions... Good quality watch... I am really very happy.... Go for it.READ MORE
P.g. Jain,Terrific purchase,5,"This smart watch is as good as it can be. Look is vary good. All the functions of smart watch in this watch like calling , notifications, health related app like blood pressure monitor, spo2 . Totally happy with the watch.READ MORE"
Danish  Tak,Awesome,5,"The watch is really great in this price, design is just awesome and features are worthy in this range. All the tracking system are giving equal to accurate. Really loved this watch.READ MORE"
